service_request_id,requested_datetime,updated_datetime,status_description,status_notes,agency_responsible,service_name,service_subtype,service_details,address,street,supervisor_district,neighborhoods_sffind_boundaries,police_district,lat,long,point,source,bos_2012,:@computed_region_6qbp_sg9q,:@computed_region_qgnn_b9vv,:@computed_region_26cr_cadq,:@computed_region_ajp5_b2md,:@computed_region_rxqg_mtj9,:@computed_region_yftq_j783,:@computed_region_jx4q_fizf,:@computed_region_bh8s_q3mv,:@computed_region_p5aj_wyqh,:@computed_region_fyvs_ahh9,:@computed_region_f58d_8dbm,:@computed_region_vtsz_7cme,:@computed_region_sruu_94in,:@computed_region_6pnf_4xz7,:@computed_region_jwn9_ihcz,:@computed_region_pigm_ib2e,:@computed_region_9jxd_iqea,:@computed_region_6ezc_tdp2,:@computed_region_h4ep_8xdi,:@computed_region_2dwj_jsy4,:@computed_region_nqbw_i6c3,:@computed_region_9dfj_4gjx,:@computed_region_4isq_27mq,:@computed_region_viu7_rrfi,:@computed_region_fcz8_est8,media_url,closed_date,:@computed_region_n4xg_c4py,:@computed_region_y6ts_4iup
17598709,2023-11-28T01:31:07.000,2023-11-28T05:46:59.000,Open,open,Recology_Overflowing,Street and Sidewalk Cleaning,City_garbage_can_overflowing,City_garbage_can_overflowing,"599 THE EMBARCADERO, SAN FRANCISCO, CA, 94111",THE EMBARCADERO,3,Northern Waterfront,CENTRAL,37.800961397623,-122.399447998146,"{'human_address': '{""address"": """", ""city"": """", ""state"": """", ""zip"": """"}', 'latitude': '37.8009614', 'longitude': '-122.399448'}",Mobile/Open311,3,77,6,3,8,10,3,1,28860,1,6,6,77,3,1,77,,,,,,,,,,,,,,
17598706,2023-11-28T01:25:35.000,2023-11-28T05:46:53.000,Open,open,Recology_Overflowing,Street and Sidewalk Cleaning,City_garbage_can_overflowing,City_garbage_can_overflowing,"100 DAVIS ST, SAN FRANCISCO, CA, 94111",DAVIS ST,3,Financial District,CENTRAL,37.793647352795,-122.39748784,"{'human_address': '{""address"": """", ""city"": """", ""state"": """", ""zip"": """"}', 'latitude': '37.79364735', 'longitude': '-122.39748784'}",Mobile/Open311,3,108,6,3,8,10,4,1,28860,1,6,6,108,3,2,108,,,,,,,,,,,,,,
17598703,2023-11-28T01:24:17.000,2023-11-28T05:46:48.000,Open,open,Recology_Overflowing,Street and Sidewalk Cleaning,City_garbage_can_overflowing,City_garbage_can_overflowing,"2415 SUTTER ST, SAN FRANCISCO, CA, 94115",SUTTER ST,5,Lower Pacific Heights,RICHMOND,37.785164220379,-122.440129989656,"{'human_address': '{""address"": """", ""city"": """", ""state"": """", ""zip"": """"}', 'latitude': '37.78516422', 'longitude': '-122.44012999'}",Mobile/Open311,5,103,8,11,15,11,15,9,29490,6,13,13,103,11,2,103,,,,,,,,,,,,,,
17598702,2023-11-28T01:19:54.000,2023-11-28T05:39:59.000,Open,open,Recology_Overflowing,Street and Sidewalk Cleaning,City_garbage_can_overflowing,City_garbage_can_overflowing,"8 EXCELSIOR AVE, SAN FRANCISCO, CA, 94112",EXCELSIOR AVE,11,Excelsior,INGLESIDE,37.726113398815,-122.433630991848,"{'human_address': '{""address"": """", ""city"": """", ""state"": """", ""zip"": """"}', 'latitude': '37.7261134', 'longitude': '-122.43363099'}",Mobile/Open311,11,90,9,1,7,6,9,4,28861,7,5,5,90,1,2,90,4,,,,,,,,,,,,,
17598701,2023-11-28T01:15:56.000,2023-11-28T05:46:42.000,Open,open,Recology_Overflowing,Street and Sidewalk Cleaning,City_garbage_can_overflowing,City_garbage_can_overflowing,"3900 SCOTT ST, SAN FRANCISCO, CA, 94123",SCOTT ST,2,Marina,NORTHERN,37.805941829206,-122.441989006647,"{'human_address': '{""address"": """", ""city"": """", ""state"": """", ""zip"": """"}', 'latitude': '37.80594183', 'longitude': '-122.44198901'}",Mobile/Open311,2,17,4,6,13,1,13,6,57,9,17,17,17,6,1,17,,,,,,,,,,,,,,
17598700,2023-11-28T01:14:00.000,2023-11-28T01:19:36.000,Open,N/A,DBI Housing Inspection Queue,Residential Building Request,Building - Hot_Water_Lack_of_Hot_Water,Hot_Water_Lack_of_Hot_Water,"1201 GOLDEN GATE AVE, SAN FRANCISCO, CA, 94115",GOLDEN GATE AVE,5,Western Addition,NORTHERN,0.000000000000,0.000000000000,"{'human_address': '{""address"": """", ""city"": """", ""state"": """", ""zip"": """"}', 'latitude': '0.0', 'longitude': '0.0'}",Phone,5,,,,,,,,,,,,,,,,,,,,,,,,,,,,,
17598698,2023-11-28T01:12:29.000,2023-11-28T05:46:26.000,Open,open,Recology_Overflowing,Street and Sidewalk Cleaning,City_garbage_can_overflowing,City_garbage_can_overflowing,"3675 GEARY BLVD, SAN FRANCISCO, CA, 94118",GEARY BLVD,2,Lone Mountain,RICHMOND,37.78116901,-122.4585498,"{'human_address': '{""address"": """", ""city"": """", ""state"": """", ""zip"": """"}', 'latitude': '37.78116901', 'longitude': '-122.4585498'}",Mobile/Open311,1,12,8,4,18,2,11,9,54,6,16,16,12,4,1,12,,,,,,,,,,,,,,
17598697,2023-11-28T01:11:57.000,2023-11-28T05:39:11.000,Open,open,Recology_Overflowing,Street and Sidewalk Cleaning,City_garbage_can_overflowing,City_garbage_can_overflowing,"518 VISITACION AVE, SAN FRANCISCO, CA, 94134",VISITACION AVE,10,Visitacion Valley,INGLESIDE,37.710559732051,-122.404609719422,"{'human_address': '{""address"": """", ""city"": """", ""state"": """", ""zip"": """"}', 'latitude': '37.71055973', 'longitude': '-122.40460972'}",Mobile/Open311,10,75,9,9,40,8,9,4,309,7,39,39,75,9,2,75,,,,,,,,,,,,,,
17598696,2023-11-28T01:11:00.000,2023-11-28T01:13:15.000,Open,open,Tenderloin CBD Queue,Street and Sidewalk Cleaning,Human or Animal Waste,Human or Animal Waste,Intersection of JONES ST and ANTONIO ST,JONES ST,5,Tenderloin,TENDERLOIN,37.78529239111,-122.412976477046,"{'human_address': '{""address"": """", ""city"": """", ""state"": """", ""zip"": """"}', 'latitude': '37.78529239', 'longitude': '-122.41297648'}",Mobile/Open311,6,20,5,10,36,9,7,10,28852,10,36,36,20,10,2,20,,6,1,1,,,,,,,,,,
17598695,2023-11-28T01:10:29.000,2023-11-28T01:15:36.000,Open,accepted,DPW BSM Queue,Noise Report,construction_public,Noise Report - construction_public,"251 DIVISADERO ST, SAN FRANCISCO, CA, 94117",DIVISADERO ST,5,Buena Vista,NORTHERN,37.771253409336,-122.437097045836,"{'human_address': '{""address"": """", ""city"": """", ""state"": """", ""zip"": """"}', 'latitude': '37.77125341', 'longitude': '-122.43709705'}",Mobile/Open311,5,112,4,11,3,11,15,8,29492,5,9,9,112,11,1,112,,,,,,,,,,,,,,
17598693,2023-11-28T01:08:55.000,2023-11-28T05:46:20.000,Open,open,Recology_Overflowing,Street and Sidewalk Cleaning,City_garbage_can_overflowing,City_garbage_can_overflowing,Intersection of HYDE ST and LOMBARD ST,HYDE ST,3,Russian Hill,CENTRAL,37.802063238929,-122.419756930404,"{'human_address': '{""address"": """", ""city"": """", ""state"": """", ""zip"": """"}', 'latitude': '37.80206324', 'longitude': '-122.41975693'}",Mobile/Open311,2,107,6,6,32,1,5,1,28858,1,32,32,107,6,1,107,,,,,,,,,,,,,,
17598691,2023-11-28T01:05:48.000,2023-11-28T05:46:05.000,Open,open,Recology_Overflowing,Street and Sidewalk Cleaning,City_garbage_can_overflowing,City_garbage_can_overflowing,"3408 BALBOA ST, SAN FRANCISCO, CA, 94121",BALBOA ST,1,Outer Richmond,RICHMOND,37.775893606741,-122.495362952111,"{'human_address': '{""address"": """", ""city"": """", ""state"": """", ""zip"": """"}', 'latitude': '37.77589361', 'longitude': '-122.49536295'}",Mobile/Open311,1,8,8,4,29,2,11,9,55,6,26,26,8,4,1,8,,,,,5,,,,,,,,,
17598688,2023-11-28T01:01:40.000,2023-11-28T05:45:59.000,Open,open,Recology_Overflowing,Street and Sidewalk Cleaning,City_garbage_can_overflowing,City_garbage_can_overflowing,"1905 15TH ST, SAN FRANCISCO, CA, 94114",15TH ST,8,Mission Dolores,MISSION,37.766187983985,-122.426707557393,"{'human_address': '{""address"": """", ""city"": """", ""state"": """", ""zip"": """"}', 'latitude': '37.76618798', 'longitude': '-122.42670756'}",Mobile/Open311,8,37,3,5,5,5,8,7,28862,4,3,3,37,5,1,37,,,,,,5,,,,,,,,
17598687,2023-11-28T01:01:38.000,2023-11-28T01:02:25.000,Open,open,Recology_Overflowing,Street and Sidewalk Cleaning,City_garbage_can_overflowing,City_garbage_can_overflowing,"1396 23RD AVE, SAN FRANCISCO, CA, 94122",23RD AVE,4,Outer Sunset,TARAVAL,37.761573703063,-122.481127046163,"{'human_address': '{""address"": """", ""city"": """", ""state"": """", ""zip"": """"}', 'latitude': '37.7615737', 'longitude': '-122.48112705'}",Mobile/Open311,4,39,10,7,35,3,1,5,56,8,35,35,39,7,1,39,,,,,,,,,,,,,,
17598686,2023-11-28T01:00:11.000,2023-11-28T05:45:39.000,Open,open,Recology_Overflowing,Street and Sidewalk Cleaning,City_garbage_can_overflowing,City_garbage_can_overflowing,"1098 THE EMBARCADERO, SAN FRANCISCO, CA, 94111",THE EMBARCADERO,3,Northern Waterfront,CENTRAL,37.803981187789,-122.401645733158,"{'human_address': '{""address"": """", ""city"": """", ""state"": """", ""zip"": """"}', 'latitude': '37.80398119', 'longitude': '-122.40164573'}",Mobile/Open311,3,77,6,3,8,10,3,1,28860,1,6,6,77,3,1,77,,,,,,,,,,,,,,
17598684,2023-11-28T00:50:00.000,2023-11-28T00:51:15.000,Open,open,Recology_Abandoned,Street and Sidewalk Cleaning,Bulky Items,Furniture,"1819 CLAY ST, SAN FRANCISCO, CA, 94109",CLAY ST,2,Pacific Heights,NORTHERN,37.792178474126,-122.42302316925,"{'human_address': '{""address"": """", ""city"": """", ""state"": """", ""zip"": """"}', 'latitude': '37.79217847', 'longitude': '-122.42302317'}",Mobile/Open311,2,102,4,6,30,1,13,6,28858,9,27,27,102,6,1,102,,,,,,,,,,,,,,
17598683,2023-11-28T00:47:57.000,2023-11-28T00:48:14.000,Open,N/A,RPD NSA Queue,Rec and Park Requests,Park - Neighborhood_Services_Area,Horticultural_Bushes_Plants,Intersection of LYON ST and OAK ST,LYON ST,5,Buena Vista,PARK,37.772729138332,-122.442567344432,"{'human_address': '{""address"": """", ""city"": """", ""state"": """", ""zip"": """"}', 'latitude': '37.77272914', 'longitude': '-122.44256734'}",Mobile/Open311,5,24,7,11,12,11,15,8,29492,5,8,8,24,11,1,24,,,,,,,,,,,,,,
17598682,2023-11-28T00:47:38.000,2023-11-28T05:45:33.000,Open,open,Recology_Overflowing,Street and Sidewalk Cleaning,City_garbage_can_overflowing,City_garbage_can_overflowing,"4404 CALIFORNIA ST, SAN FRANCISCO, CA, 94118",CALIFORNIA ST,1,Presidio Terrace,RICHMOND,37.785044343659,-122.46481385095,"{'human_address': '{""address"": """", ""city"": """", ""state"": """", ""zip"": """"}', 'latitude': '37.78504434', 'longitude': '-122.46481385'}",Mobile/Open311,1,4,8,4,11,2,11,9,54,6,11,11,4,4,1,4,,,,,,,,,,,,,,
17598681,2023-11-28T00:47:00.000,2023-11-28T00:50:37.000,Open,sent,DPW - Bureau of Street Use and Mapping - G,General Request - PUBLIC WORKS,request_for_service,bsm - request_for_service,"2395 FRANCISCO ST, SAN FRANCISCO, CA, 94123",FRANCISCO ST,2,Marina,NORTHERN,37.800687662541,-122.444517726184,"{'human_address': '{""address"": """", ""city"": """", ""state"": """", ""zip"": """"}', 'latitude': '37.80068766', 'longitude': '-122.44451773'}",Mobile/Open311,2,17,4,6,13,1,13,6,57,9,17,17,17,6,1,17,,,,,,,,,,,,,,
17598680,2023-11-28T00:45:41.000,2023-11-28T05:45:28.000,Open,open,Recology_Overflowing,Street and Sidewalk Cleaning,City_garbage_can_overflowing,City_garbage_can_overflowing,"600 THE EMBARCADERO, SAN FRANCISCO, CA, 94127",THE EMBARCADERO,3,Northern Waterfront,CENTRAL,37.800975814497,-122.398971822227,"{'human_address': '{""address"": """", ""city"": """", ""state"": """", ""zip"": """"}', 'latitude': '37.80097581', 'longitude': '-122.39897182'}",Mobile/Open311,3,77,6,3,8,10,3,1,28860,1,6,6,77,3,1,77,,,,,,,,,,,,,,
17598678,2023-11-28T00:42:09.000,2023-11-28T05:45:23.000,Open,open,Recology_Overflowing,Street and Sidewalk Cleaning,City_garbage_can_overflowing,City_garbage_can_overflowing,"1195 MCALLISTER ST, SAN FRANCISCO, CA, 94117",MCALLISTER ST,5,Western Addition,NORTHERN,37.778447683788,-122.431639284012,"{'human_address': '{""address"": """", ""city"": """", ""state"": """", ""zip"": """"}', 'latitude': '37.77844768', 'longitude': '-122.43163928'}",Mobile/Open311,5,97,4,11,39,11,15,6,29492,9,41,41,97,11,2,97,,,,,,,,,,,,,,
17598677,2023-11-28T00:39:12.000,2023-11-28T05:45:15.000,Open,open,Recology_Overflowing,Street and Sidewalk Cleaning,City_garbage_can_overflowing,City_garbage_can_overflowing,"3650 BALBOA ST, SAN FRANCISCO, CA, 94121",BALBOA ST,1,Outer Richmond,RICHMOND,37.775761728985,-122.498277189251,"{'human_address': '{""address"": """", ""city"": """", ""state"": """", ""zip"": """"}', 'latitude': '37.77576173', 'longitude': '-122.49827719'}",Mobile/Open311,1,8,8,4,29,2,11,9,55,6,26,26,8,4,1,8,,,,,,,,,,,,,,
17598675,2023-11-28T00:37:39.000,2023-11-28T05:43:35.000,Open,open,Recology_Overflowing,Street and Sidewalk Cleaning,City_garbage_can_overflowing,City_garbage_can_overflowing,Intersection of KEARNY ST and WASHINGTON ST,KEARNY ST,3,Chinatown,CENTRAL,37.79529877927,-122.404969623113,"{'human_address': '{""address"": """", ""city"": """", ""state"": """", ""zip"": """"}', 'latitude': '37.79529878', 'longitude': '-122.40496962'}",Mobile/Open311,3,104,6,3,6,10,3,1,28857,1,4,4,104,3,2,104,5,,,,,,5,5,,,,,,
17598674,2023-11-28T00:36:00.000,2023-11-28T00:40:32.000,Open,sent,DPW - Bureau of Street Use and Mapping - G,General Request - PUBLIC WORKS,request_for_service,bsm - request_for_service,"1852 JEFFERSON ST, SAN FRANCISCO, CA, 94123",JEFFERSON ST,2,Marina,NORTHERN,37.804795734537,-122.443023591471,"{'human_address': '{""address"": """", ""city"": """", ""state"": """", ""zip"": """"}', 'latitude': '37.80479573', 'longitude': '-122.44302359'}",Mobile/Open311,2,17,4,6,13,1,13,6,57,9,17,17,17,6,1,17,,,,,,,,,,,,,,
17598673,2023-11-28T00:34:52.000,2023-11-28T05:43:28.000,Open,open,Recology_Overflowing,Street and Sidewalk Cleaning,City_garbage_can_overflowing,City_garbage_can_overflowing,"1000 ELLIS ST, SAN FRANCISCO, CA, 94109",ELLIS ST,2,Cathedral Hill,NORTHERN,37.783668002715,-122.422842839921,"{'human_address': '{""address"": """", ""city"": """", ""state"": """", ""zip"": """"}', 'latitude': '37.783668', 'longitude': '-122.42284284'}",Mobile/Open311,5,100,4,11,39,11,7,6,28858,9,41,41,100,11,2,100,,,,,,,,,,,,,,
17598672,2023-11-28T00:34:50.000,2023-11-28T05:43:21.000,Open,open,Recology_Overflowing,Street and Sidewalk Cleaning,City_garbage_can_overflowing,City_garbage_can_overflowing,"694 28TH AVE, SAN FRANCISCO, CA, 94121",28TH AVE,1,Outer Richmond,RICHMOND,37.776251471358,-122.487515556122,"{'human_address': '{""address"": """", ""city"": """", ""state"": """", ""zip"": """"}', 'latitude': '37.77625147', 'longitude': '-122.48751556'}",Mobile/Open311,1,8,8,4,29,2,11,9,55,6,26,26,8,4,1,8,,,,,,,,,,,,,,
17598671,2023-11-28T00:33:43.000,2023-11-28T05:43:13.000,Open,open,Recology_Overflowing,Street and Sidewalk Cleaning,City_garbage_can_overflowing,City_garbage_can_overflowing,"2396 WEBSTER ST, SAN FRANCISCO, CA, 94115",WEBSTER ST,2,Pacific Heights,NORTHERN,37.792607155635,-122.432744689398,"{'human_address': '{""address"": """", ""city"": """", ""state"": """", ""zip"": """"}', 'latitude': '37.79260716', 'longitude': '-122.43274469'}",Mobile/Open311,2,102,4,6,30,1,13,6,29490,9,27,27,102,6,1,102,,,,,,,,,,,,,,
17598669,2023-11-28T00:28:05.000,2023-11-28T05:43:06.000,Open,open,Recology_Overflowing,Street and Sidewalk Cleaning,City_garbage_can_overflowing,City_garbage_can_overflowing,Intersection of MASON ST and PINE ST,MASON ST,3,Nob Hill,CENTRAL,37.790848054386,-122.410480012518,"{'human_address': '{""address"": """", ""city"": """", ""state"": """", ""zip"": """"}', 'latitude': '37.79084805', 'longitude': '-122.41048001'}",Mobile/Open311,3,16,6,3,21,10,5,1,28857,1,21,21,16,3,1,16,,,,,,,,,,,,,,
17598668,2023-11-28T00:27:19.000,2023-11-28T00:28:15.000,Open,open,DPH - Environmental Health - Noise Queue,Noise Report,mechanical_equipment,Noise Report - mechanical_equipment,"1807 GEARY BLVD, SAN FRANCISCO, CA, 94115",GEARY BLVD,5,Western Addition,NORTHERN,37.783845728666,-122.43309372875,"{'human_address': '{""address"": """", ""city"": """", ""state"": """", ""zip"": """"}', 'latitude': '37.78384573', 'longitude': '-122.43309373'}",Mobile/Open311,5,97,4,11,39,11,13,6,29490,9,41,41,97,11,2,97,,,,,,,,,24,,,,,
17598667,2023-11-28T00:27:05.000,2023-11-28T05:20:00.000,Open,,PUC - Water - G,General Request - PUC,request_for_service,water - request_for_service,"26 WANDA ST, SAN FRANCISCO, CA, 94112",WANDA ST,11,Cayuga,INGLESIDE,0.000000000000,0.000000000000,"{'human_address': '{""address"": """", ""city"": """", ""state"": """", ""zip"": """"}', 'latitude': '0.0', 'longitude': '0.0'}",Web,11,,,,,,,,,,,,,,,,,,,,,,,,,,,,,
17598666,2023-11-28T00:25:00.000,2023-11-28T00:30:39.000,Open,sent,DPW - Bureau of Street Use and Mapping - G,General Request - PUBLIC WORKS,request_for_service,bsm - request_for_service,Intersection of WEBSTER ST and NORTH POINT ST,WEBSTER ST,2,Marina,NORTHERN,37.803766566393,-122.435253758974,"{'human_address': '{""address"": """", ""city"": """", ""state"": """", ""zip"": """"}', 'latitude': '37.80376657', 'longitude': '-122.43525376'}",Mobile/Open311,2,17,4,6,13,1,13,6,57,9,17,17,17,6,1,17,,,,,,,,,,,,,,
17598662,2023-11-28T00:22:23.000,2023-11-28T05:42:57.000,Open,open,Recology_Overflowing,Street and Sidewalk Cleaning,City_garbage_can_overflowing,City_garbage_can_overflowing,"1995 UNION ST, SAN FRANCISCO, CA, 94123",UNION ST,2,Union Street,NORTHERN,37.79746213,-122.4320396,"{'human_address': '{""address"": """", ""city"": """", ""state"": """", ""zip"": """"}', 'latitude': '37.79746213', 'longitude': '-122.4320396'}",Mobile/Open311,2,15,4,6,13,1,13,6,57,9,17,17,15,6,1,15,,,,,,,,,,,,,,
17598661,2023-11-28T00:21:46.000,2023-11-28T05:42:52.000,Open,open,Recology_Overflowing,Street and Sidewalk Cleaning,City_garbage_can_overflowing,City_garbage_can_overflowing,"3800 FOLSOM ST, SAN FRANCISCO, CA, 94110",FOLSOM ST,9,Bernal Heights,INGLESIDE,37.738915444532,-122.413479453536,"{'human_address': '{""address"": """", ""city"": """", ""state"": """", ""zip"": """"}', 'latitude': '37.73891544', 'longitude': '-122.41347945'}",Mobile/Open311,9,83,9,2,2,7,2,4,28859,7,2,2,83,2,1,83,,,,,,,,,,,,,,
17598659,2023-11-28T00:18:00.000,2023-11-28T00:20:35.000,Open,sent,DPW - Bureau of Street Use and Mapping - G,General Request - PUBLIC WORKS,request_for_service,bsm - request_for_service,Intersection of CAPRA WAY and MALLORCA WAY,CAPRA WAY,2,Marina,NORTHERN,37.802940143089,-122.438641052445,"{'human_address': '{""address"": """", ""city"": """", ""state"": """", ""zip"": """"}', 'latitude': '37.80294014', 'longitude': '-122.43864105'}",Mobile/Open311,2,17,4,6,13,1,13,6,57,9,17,17,17,6,1,17,,,,,,,,,,,,,,
17598658,2023-11-28T00:18:02.000,2023-11-28T05:42:33.000,Open,open,Recology_Overflowing,Street and Sidewalk Cleaning,City_garbage_can_overflowing,City_garbage_can_overflowing,"2494 SUTTER ST, SAN FRANCISCO, CA, 94115",SUTTER ST,2,Lower Pacific Heights,RICHMOND,37.785137317605,-122.441278472656,"{'human_address': '{""address"": """", ""city"": """", ""state"": """", ""zip"": """"}', 'latitude': '37.78513732', 'longitude': '-122.44127847'}",Mobile/Open311,2,103,8,6,30,1,15,9,29490,6,27,27,103,6,1,103,,,,,,,,,,,,,,
17598657,2023-11-28T00:17:00.000,2023-11-28T00:20:32.000,Open,sent,DPW - Bureau of Street Use and Mapping - G,General Request - PUBLIC WORKS,request_for_service,bsm - request_for_service,Intersection of CAPRA WAY and MALLORCA WAY,CAPRA WAY,2,Marina,NORTHERN,37.802862944842,-122.438645762405,"{'human_address': '{""address"": """", ""city"": """", ""state"": """", ""zip"": """"}', 'latitude': '37.80286294', 'longitude': '-122.43864576'}",Mobile/Open311,2,17,4,6,13,1,13,6,57,9,17,17,17,6,1,17,,,,,,,,,,,,,,
17598653,2023-11-28T00:08:13.000,2023-11-28T00:09:15.000,Open,N/A,DPT Abandoned Vehicles Work Queue,Abandoned Vehicle,Abandoned Vehicles,Abandoned Vehicle,"920 HARRISON ST, SAN FRANCISCO, CA, 94107",HARRISON ST,6,South of Market,SOUTHERN,37.778710908735,-122.402454838157,"{'human_address': '{""address"": """", ""city"": """", ""state"": """", ""zip"": """"}', 'latitude': '37.77871091', 'longitude': '-122.40245484'}",Mobile/Open311,6,32,1,10,34,9,14,2,28856,2,34,34,32,10,2,32,,4,,,,,,,,,,,,
17598652,2023-11-28T00:05:14.000,2023-11-28T05:42:26.000,Open,open,Recology_Overflowing,Street and Sidewalk Cleaning,City_garbage_can_overflowing,City_garbage_can_overflowing,"6900 GEARY BLVD, SAN FRANCISCO, CA, 94121",GEARY BLVD,1,Outer Richmond,RICHMOND,37.779860082118,-122.493576016391,"{'human_address': '{""address"": """", ""city"": """", ""state"": """", ""zip"": """"}', 'latitude': '37.77986008', 'longitude': '-122.49357602'}",Mobile/Open311,1,8,8,4,29,2,11,9,55,6,26,26,8,4,1,8,,,,,,,,,,,,,,
17598647,2023-11-27T23:54:11.000,2023-11-28T05:42:21.000,Open,open,Recology_Overflowing,Street and Sidewalk Cleaning,City_garbage_can_overflowing,City_garbage_can_overflowing,"501 BRYANT ST, SAN FRANCISCO, CA, 94107",BRYANT ST,6,South of Market,SOUTHERN,37.781297022229,-122.395658312365,"{'human_address': '{""address"": """", ""city"": """", ""state"": """", ""zip"": """"}', 'latitude': '37.78129702', 'longitude': '-122.39565831'}",Mobile/Open311,6,31,1,10,8,9,6,2,28856,2,6,6,31,10,1,31,,,,,,,,,,,,,,
17598646,2023-11-27T23:52:29.000,2023-11-28T05:42:14.000,Open,open,Recology_Overflowing,Street and Sidewalk Cleaning,City_garbage_can_overflowing,City_garbage_can_overflowing,"130 BATTERY ST, SAN FRANCISCO, CA, 94111",BATTERY ST,3,Financial District,CENTRAL,37.792686768718,-122.399763241416,"{'human_address': '{""address"": """", ""city"": """", ""state"": """", ""zip"": """"}', 'latitude': '37.79268677', 'longitude': '-122.39976324'}",Mobile/Open311,3,108,6,3,8,10,4,1,28854,1,6,6,108,3,2,108,,,,,,,,,,,,,,
17598645,2023-11-27T23:51:47.000,2023-11-28T05:42:08.000,Open,open,Recology_Overflowing,Street and Sidewalk Cleaning,City_garbage_can_overflowing,City_garbage_can_overflowing,"703 OAK ST, SAN FRANCISCO, CA, 94117",OAK ST,5,Lower Haight,NORTHERN,37.773831393057,-122.430909186908,"{'human_address': '{""address"": """", ""city"": """", ""state"": """", ""zip"": """"}', 'latitude': '37.77383139', 'longitude': '-122.43090919'}",Mobile/Open311,5,26,4,11,9,11,15,6,29492,9,10,10,26,11,1,26,,,,,,,,,,,,,,
17598643,2023-11-27T23:46:00.000,2023-11-28T00:25:06.000,Open,in progress,DPW Ops Queue,Street and Sidewalk Cleaning,General Cleaning,Other Loose Garbage,"555 HYDE ST, SAN FRANCISCO, CA, 94109",HYDE ST,5,Tenderloin,TENDERLOIN,37.786186294126,-122.416537800332,"{'human_address': '{""address"": """", ""city"": """", ""state"": """", ""zip"": """"}', 'latitude': '37.78618629', 'longitude': '-122.4165378'}",Mobile/Open311,6,20,5,10,36,9,13,10,28858,10,36,36,20,10,2,20,,,1,1,,,,,,,,,,
17598640,2023-11-27T23:33:44.000,2023-11-28T05:42:01.000,Open,open,Recology_Overflowing,Street and Sidewalk Cleaning,City_garbage_can_overflowing,City_garbage_can_overflowing,"228 DRUMM ST, SAN FRANCISCO, CA, 94111",DRUMM ST,3,Financial District,CENTRAL,37.795731810362,-122.396628060151,"{'human_address': '{""address"": """", ""city"": """", ""state"": """", ""zip"": """"}', 'latitude': '37.79573181', 'longitude': '-122.39662806'}",Mobile/Open311,3,108,6,3,8,10,3,1,28860,1,6,6,108,3,1,108,,,,,,4,,,,4,,,,
17598624,2023-11-27T23:19:26.000,2023-11-28T05:41:55.000,Open,open,Recology_Overflowing,Street and Sidewalk Cleaning,City_garbage_can_overflowing,City_garbage_can_overflowing,"1747 CHURCH ST, SAN FRANCISCO, CA, 94131",CHURCH ST,8,Noe Valley,INGLESIDE,37.743067638937,-122.426516699636,"{'human_address': '{""address"": """", ""city"": """", ""state"": """", ""zip"": """"}', 'latitude': '37.74306764', 'longitude': '-122.4265167'}",Mobile/Open311,8,84,9,5,22,5,2,4,63,7,22,22,84,5,1,84,,,,,,,,,,,,,,
17598602,2023-11-27T22:49:53.000,2023-11-28T05:41:49.000,Open,open,Recology_Overflowing,Street and Sidewalk Cleaning,City_garbage_can_overflowing,City_garbage_can_overflowing,"1059 LEAVENWORTH ST, SAN FRANCISCO, CA, 94109",LEAVENWORTH ST,3,Nob Hill,CENTRAL,37.791050073498,-122.415814500453,"{'human_address': '{""address"": """", ""city"": """", ""state"": """", ""zip"": """"}', 'latitude': '37.79105007', 'longitude': '-122.4158145'}",Mobile/Open311,3,16,6,3,21,10,13,1,28858,1,21,21,16,3,1,16,,,,,,,,,,,,,,
17598597,2023-11-27T22:44:52.000,2023-11-28T05:40:29.000,Open,open,Recology_Overflowing,Street and Sidewalk Cleaning,City_garbage_can_overflowing,City_garbage_can_overflowing,"1490 POLK ST, SAN FRANCISCO, CA, 94109",POLK ST,3,Polk Gulch,NORTHERN,37.790458226211,-122.420583550915,"{'human_address': '{""address"": """", ""city"": """", ""state"": """", ""zip"": """"}', 'latitude': '37.79045823', 'longitude': '-122.42058355'}",Mobile/Open311,3,105,4,3,21,10,13,6,28858,9,21,21,105,3,1,105,,10,,,,,,,,,,,,
17598585,2023-11-27T22:33:24.000,2023-11-28T05:40:21.000,Open,open,Recology_Overflowing,Street and Sidewalk Cleaning,City_garbage_can_overflowing,City_garbage_can_overflowing,"895 HAYES ST, SAN FRANCISCO, CA, 94117",HAYES ST,5,Hayes Valley,NORTHERN,37.775806761995,-122.430962864505,"{'human_address': '{""address"": """", ""city"": """", ""state"": """", ""zip"": """"}', 'latitude': '37.77580676', 'longitude': '-122.43096286'}",Mobile/Open311,5,22,4,11,9,11,7,6,29492,9,10,10,22,11,1,22,,,,,,,,,,,,,,
17598584,2023-11-27T22:30:00.000,2023-11-28T03:55:11.000,Open,accepted,DPW Ops Queue,Street and Sidewalk Cleaning,Medical Waste,Needles,Not associated with a specific address,,,,,0.000000000000,0.000000000000,"{'human_address': '{""address"": """", ""city"": """", ""state"": """", ""zip"": """"}', 'latitude': '0.0', 'longitude': '0.0'}",Phone,,,,,,,,,,,,,,,,,,,,,,,,,,,,,,
17598558,2023-11-27T22:07:29.000,2023-11-28T05:40:09.000,Open,open,Recology_Overflowing,Street and Sidewalk Cleaning,City_garbage_can_overflowing,City_garbage_can_overflowing,"3255 BALBOA ST, SAN FRANCISCO, CA, 94121",BALBOA ST,1,Outer Richmond,RICHMOND,37.775802092269,-122.49398003023,"{'human_address': '{""address"": """", ""city"": """", ""state"": """", ""zip"": """"}', 'latitude': '37.77580209', 'longitude': '-122.49398003'}",Mobile/Open311,1,8,8,4,29,2,11,9,55,6,26,26,8,4,1,8,,,,,,,,,,,,,,
17598536,2023-11-27T21:44:00.000,2023-11-28T03:55:09.000,Open,accepted,DPW Ops Queue,Street and Sidewalk Cleaning,Medical Waste,Needles,Intersection of IGNACIO AVE and JAMESTOWN AVE,IGNACIO AVE,10,Candlestick Point SRA,BAYVIEW,37.714397992818,-122.388662641687,"{'human_address': '{""address"": """", ""city"": """", ""state"": """", ""zip"": """"}', 'latitude': '37.71439799', 'longitude': '-122.38866264'}",Mobile/Open311,10,79,2,9,1,8,10,3,58,3,1,1,79,9,1,79,,,,,,,,,,,,,,
17598530,2023-11-27T21:36:39.000,2023-11-28T05:40:00.000,Open,open,Recology_Overflowing,Street and Sidewalk Cleaning,City_garbage_can_overflowing,City_garbage_can_overflowing,"1011 BATTERY ST, SAN FRANCISCO, CA, 94111",BATTERY ST,3,Northern Waterfront,CENTRAL,37.800598888949,-122.401567097345,"{'human_address': '{""address"": """", ""city"": """", ""state"": """", ""zip"": """"}', 'latitude': '37.80059889', 'longitude': '-122.4015671'}",Mobile/Open311,3,77,6,3,8,10,3,1,28860,1,6,6,77,3,1,77,,,,,,,,,,,,,,
17598527,2023-11-27T21:32:47.000,2023-11-28T05:49:36.000,Open,open,Recology_Overflowing,Street and Sidewalk Cleaning,City_garbage_can_overflowing,City_garbage_can_overflowing,"800 ULLOA ST, SAN FRANCISCO, CA, 94127",ULLOA ST,7,West Portal,TARAVAL,37.74082313378,-122.465111450963,"{'human_address': '{""address"": """", ""city"": """", ""state"": """", ""zip"": """"}', 'latitude': '37.74082313', 'longitude': '-122.46511145'}",Mobile/Open311,7,46,10,8,41,4,1,5,59,8,40,40,46,8,1,46,,,,,,,,,23,,,,,
17598508,2023-11-27T21:20:12.000,2023-11-28T05:39:48.000,Open,open,Recology_Overflowing,Street and Sidewalk Cleaning,City_garbage_can_overflowing,City_garbage_can_overflowing,"150 FOLSOM ST, SAN FRANCISCO, CA, 94105",FOLSOM ST,6,Financial District,SOUTHERN,37.789753154614,-122.391244011983,"{'human_address': '{""address"": """", ""city"": """", ""state"": """", ""zip"": """"}', 'latitude': '37.78975315', 'longitude': '-122.39124401'}",Mobile/Open311,6,30,1,10,8,9,6,2,28855,2,6,6,30,10,1,30,,3,,,,,,,,,,,,
17598492,2023-11-27T21:12:45.000,2023-11-28T05:39:42.000,Open,open,Recology_Overflowing,Street and Sidewalk Cleaning,City_garbage_can_overflowing,City_garbage_can_overflowing,"1001 EDDY ST, SAN FRANCISCO, CA, 94109",EDDY ST,5,Cathedral Hill,NORTHERN,37.782376266276,-122.424352453327,"{'human_address': '{""address"": """", ""city"": """", ""state"": """", ""zip"": """"}', 'latitude': '37.78237627', 'longitude': '-122.42435245'}",Mobile/Open311,5,100,4,11,39,11,7,6,28852,9,41,41,100,11,2,100,,,,,,,,,,,,,1,
17598490,2023-11-27T21:11:00.000,2023-11-28T05:49:00.000,Open,,311 Service Request Queue,311 External Request,Other,Other - PGE,"1495 YOSEMITE AVE, SAN FRANCISCO, CA, 94124",YOSEMITE AVE,10,Bayview,BAYVIEW,0.000000000000,0.000000000000,"{'human_address': '{""address"": """", ""city"": """", ""state"": """", ""zip"": """"}', 'latitude': '0.0', 'longitude': '0.0'}",Phone,10,,,,,,,,,,,,,,,,,,,,,,,,,,,,,
17598476,2023-11-27T21:03:17.000,2023-11-28T05:39:32.000,Open,open,Recology_Overflowing,Street and Sidewalk Cleaning,City_garbage_can_overflowing,City_garbage_can_overflowing,"288 WEST PORTAL AVE, SAN FRANCISCO, CA, 94127",WEST PORTAL AVE,7,West Portal,TARAVAL,37.738190739481,-122.469062860962,"{'human_address': '{""address"": """", ""city"": """", ""state"": """", ""zip"": """"}', 'latitude': '37.73819074', 'longitude': '-122.46906286'}",Mobile/Open311,7,46,10,8,41,4,1,5,59,8,40,40,46,8,1,46,,,,,,,,,23,,,,,
17598469,2023-11-27T21:00:00.000,2023-11-28T05:29:52.000,Open,open,Recology_Abandoned,Street and Sidewalk Cleaning,Bulky Items,Boxed or Bagged Items,"124 LILY ST, SAN FRANCISCO, CA, 94102",LILY ST,5,Lower Haight,NORTHERN,37.774564751528,-122.422763576479,"{'human_address': '{""address"": """", ""city"": """", ""state"": """", ""zip"": """"}', 'latitude': '37.77456475', 'longitude': '-122.42276358'}",Mobile/Open311,5,26,4,11,9,11,7,6,28852,9,10,10,26,11,1,26,,,,,,,,,,,,,1,
17598450,2023-11-27T20:47:01.000,2023-11-28T05:39:25.000,Open,open,Recology_Overflowing,Street and Sidewalk Cleaning,City_garbage_can_overflowing,City_garbage_can_overflowing,"193 KING ST, SAN FRANCISCO, CA, 94107",KING ST,6,South Beach,SOUTHERN,37.777976758996,-122.391450687801,"{'human_address': '{""address"": """", ""city"": """", ""state"": """", ""zip"": """"}', 'latitude': '37.77797676', 'longitude': '-122.39145069'}",Mobile/Open311,6,31,1,10,4,9,6,2,28856,2,20,20,31,10,1,31,,,,,,,,,,,,,,
17598449,2023-11-27T20:45:54.000,2023-11-28T05:39:20.000,Open,open,Recology_Overflowing,Street and Sidewalk Cleaning,City_garbage_can_overflowing,City_garbage_can_overflowing,"1407 MARKET ST, SAN FRANCISCO, CA, 94103",MARKET ST,6,South of Market,TENDERLOIN,37.776298108546,-122.417487111057,"{'human_address': '{""address"": """", ""city"": """", ""state"": """", ""zip"": """"}', 'latitude': '37.77629811', 'longitude': '-122.41748711'}",Mobile/Open311,6,32,5,10,34,9,8,2,28853,2,34,34,32,10,2,32,,8,1,1,,1,,,14,1,,,1,
17598445,2023-11-27T20:40:06.000,2023-11-28T05:39:14.000,Open,open,Recology_Overflowing,Street and Sidewalk Cleaning,City_garbage_can_overflowing,City_garbage_can_overflowing,"35 OFARRELL ST, SAN FRANCISCO, CA, 94108",OFARRELL ST,3,Downtown / Union Square,CENTRAL,37.78674659741,-122.405024646009,"{'human_address': '{""address"": """", ""city"": """", ""state"": """", ""zip"": """"}', 'latitude': '37.7867466', 'longitude': '-122.40502465'}",Mobile/Open311,3,19,6,3,8,10,5,10,28857,10,6,6,19,3,2,19,12,5,,,,,10,12,,,,,,
17598431,2023-11-27T20:35:24.000,2023-11-28T05:39:07.000,Open,open,Recology_Overflowing,Street and Sidewalk Cleaning,City_garbage_can_overflowing,City_garbage_can_overflowing,"400 RHODE ISLAND ST, SAN FRANCISCO, CA, 94107",RHODE ISLAND ST,10,Potrero Hill,SOUTHERN,37.764561657785,-122.402648851402,"{'human_address': '{""address"": """", ""city"": """", ""state"": """", ""zip"": """"}', 'latitude': '37.76456166', 'longitude': '-122.40264885'}",Mobile/Open311,10,54,1,9,26,8,8,3,28856,3,29,29,54,9,1,54,,,,,,,,,,,,,,
17598419,2023-11-27T20:30:51.000,2023-11-28T05:38:59.000,Open,open,Recology_Overflowing,Street and Sidewalk Cleaning,City_garbage_can_overflowing,City_garbage_can_overflowing,"174 4TH AVE, SAN FRANCISCO, CA, 94118",4TH AVE,1,Presidio Terrace,RICHMOND,37.785378559528,-122.462304225306,"{'human_address': '{""address"": """", ""city"": """", ""state"": """", ""zip"": """"}', 'latitude': '37.78537856', 'longitude': '-122.46230423'}",Mobile/Open311,2,4,8,6,11,1,11,9,54,6,11,11,4,6,1,4,,,,,,,,,,,,,,
17598417,2023-11-27T20:29:04.000,2023-11-28T05:38:52.000,Open,open,Recology_Overflowing,Street and Sidewalk Cleaning,City_garbage_can_overflowing,City_garbage_can_overflowing,"2103 UNION ST, SAN FRANCISCO, CA, 94123",UNION ST,2,Union Street,NORTHERN,37.797208633788,-122.434042040373,"{'human_address': '{""address"": """", ""city"": """", ""state"": """", ""zip"": """"}', 'latitude': '37.79720863', 'longitude': '-122.43404204'}",Mobile/Open311,2,15,4,6,13,1,13,6,57,9,17,17,15,6,1,15,,,,,,,,,,,,,,
17598402,2023-11-27T20:24:06.000,2023-11-28T05:38:45.000,Open,open,Recology_Overflowing,Street and Sidewalk Cleaning,City_garbage_can_overflowing,City_garbage_can_overflowing,"311 BALBOA ST, SAN FRANCISCO, CA, 94118",BALBOA ST,1,Inner Richmond,RICHMOND,37.777251735956,-122.462108941269,"{'human_address': '{""address"": """", ""city"": """", ""state"": """", ""zip"": """"}', 'latitude': '37.77725174', 'longitude': '-122.46210894'}",Mobile/Open311,1,5,8,4,11,2,11,9,54,6,11,11,5,4,1,5,,,,,,,,,,,,,,
17598400,2023-11-27T20:23:00.000,2023-11-28T05:39:55.000,Open,open,Recology_Overflowing,Street and Sidewalk Cleaning,City_garbage_can_overflowing,City_garbage_can_overflowing,Intersection of 24TH ST and SANCHEZ ST,24TH ST,8,Noe Valley,MISSION,37.751564,-122.429665,"{'human_address': '{""address"": """", ""city"": """", ""state"": """", ""zip"": """"}', 'latitude': '37.751564', 'longitude': '-122.429665'}",Web,8,84,3,5,22,5,2,7,28862,4,22,22,84,5,1,84,,12,,,,,,,,,,,,
17598391,2023-11-27T20:15:50.000,2023-11-28T00:30:46.000,Closed,Accepted - Noise informational reports are closed and summarized for department use.,Noise Report Queue,Noise Report,other_excessive_noise,Noise Report - other_excessive_noise,"6620 GEARY BLVD, SAN FRANCISCO, CA, 94121",GEARY BLVD,1,Outer Richmond,RICHMOND,0.000000000000,0.000000000000,"{'human_address': '{""address"": """", ""city"": """", ""state"": """", ""zip"": """"}', 'latitude': '0.0', 'longitude': '0.0'}",Web,1,,,,,,,,,,,,,,,,,,,,,,,,,,,2023-11-28T00:30:46.000,,
17598387,2023-11-27T20:13:30.000,2023-11-28T05:37:46.000,Open,open,Recology_Overflowing,Street and Sidewalk Cleaning,City_garbage_can_overflowing,City_garbage_can_overflowing,"3058 POLK ST, SAN FRANCISCO, CA, 94109",POLK ST,2,Aquatic Park / Ft. Mason,CENTRAL,37.805028967595,-122.423704052458,"{'human_address': '{""address"": """", ""city"": """", ""state"": """", ""zip"": """"}', 'latitude': '37.80502897', 'longitude': '-122.42370405'}",Mobile/Open311,2,98,6,6,32,1,5,1,28858,1,32,32,98,6,1,98,,,,,,,,,,,,,,
17598380,2023-11-27T20:08:34.000,2023-11-28T05:37:38.000,Open,open,Recology_Overflowing,Street and Sidewalk Cleaning,City_garbage_can_overflowing,City_garbage_can_overflowing,"388 32ND AVE, SAN FRANCISCO, CA, 94121",32ND AVE,1,Outer Richmond,RICHMOND,37.781876273962,-122.492314019297,"{'human_address': '{""address"": """", ""city"": """", ""state"": """", ""zip"": """"}', 'latitude': '37.78187627', 'longitude': '-122.49231402'}",Mobile/Open311,1,8,8,4,29,2,11,9,55,6,26,26,8,4,2,8,,,,,,,,,,,,,,
17598371,2023-11-27T20:05:27.000,2023-11-28T05:37:33.000,Open,open,Recology_Overflowing,Street and Sidewalk Cleaning,City_garbage_can_overflowing,City_garbage_can_overflowing,"1480 SUTTER ST, SAN FRANCISCO, CA, 94109",SUTTER ST,2,Cathedral Hill,NORTHERN,37.787210503871,-122.424779561182,"{'human_address': '{""address"": """", ""city"": """", ""state"": """", ""zip"": """"}', 'latitude': '37.7872105', 'longitude': '-122.42477956'}",Mobile/Open311,2,100,4,6,39,1,13,6,28858,9,41,41,100,6,1,100,,,,,,,,,,,,,,
17598364,2023-11-27T20:01:43.000,2023-11-28T05:37:26.000,Open,open,Recology_Overflowing,Street and Sidewalk Cleaning,City_garbage_can_overflowing,City_garbage_can_overflowing,"15 EXCELSIOR AVE, SAN FRANCISCO, CA, 94112",EXCELSIOR AVE,11,Excelsior,INGLESIDE,37.726314195531,-122.433500317963,"{'human_address': '{""address"": """", ""city"": """", ""state"": """", ""zip"": """"}', 'latitude': '37.7263142', 'longitude': '-122.43350032'}",Mobile/Open311,11,90,9,1,7,6,9,4,28861,7,5,5,90,1,2,90,4,,,,,,,,,,,,,
17598361,2023-11-27T19:57:45.000,2023-11-28T05:37:20.000,Open,open,Recology_Overflowing,Street and Sidewalk Cleaning,City_garbage_can_overflowing,City_garbage_can_overflowing,"2303 JACKSON ST, SAN FRANCISCO, CA, 94115",JACKSON ST,2,Pacific Heights,NORTHERN,37.792588523016,-122.433126988,"{'human_address': '{""address"": """", ""city"": """", ""state"": """", ""zip"": """"}', 'latitude': '37.79258852', 'longitude': '-122.43312699'}",Mobile/Open311,2,102,4,6,30,1,13,6,29490,9,27,27,102,6,1,102,,,,,,,,,,,,,,
17598353,2023-11-27T19:50:09.000,2023-11-28T05:37:06.000,Open,open,Recology_Overflowing,Street and Sidewalk Cleaning,City_garbage_can_overflowing,City_garbage_can_overflowing,"20 2ND ST, SAN FRANCISCO, CA, 94105",2ND ST,6,Financial District,CENTRAL,37.788876400696,-122.401053756064,"{'human_address': '{""address"": """", ""city"": """", ""state"": """", ""zip"": """"}', 'latitude': '37.7888764', 'longitude': '-122.40105376'}",Mobile/Open311,6,108,6,10,8,9,12,2,28855,2,6,6,108,10,1,108,,4,,,,,,,,,,,,
17598336,2023-11-27T19:35:11.000,2023-11-28T05:36:59.000,Open,open,Recology_Overflowing,Street and Sidewalk Cleaning,City_garbage_can_overflowing,City_garbage_can_overflowing,"4200 GEARY BLVD, SAN FRANCISCO, CA, 94118",GEARY BLVD,1,Inner Richmond,RICHMOND,37.7811332513,-122.464199541251,"{'human_address': '{""address"": """", ""city"": """", ""state"": """", ""zip"": """"}', 'latitude': '37.78113325', 'longitude': '-122.46419954'}",Mobile/Open311,1,5,8,4,11,2,11,9,54,6,11,11,5,4,1,5,,,,,,,,,,,,,,
17598333,2023-11-27T19:33:09.000,2023-11-28T05:36:54.000,Open,open,Recology_Overflowing,Street and Sidewalk Cleaning,City_garbage_can_overflowing,City_garbage_can_overflowing,"675 HAYES ST, SAN FRANCISCO, CA, 94102",HAYES ST,5,Hayes Valley,NORTHERN,37.776237922159,-122.42759065714,"{'human_address': '{""address"": """", ""city"": """", ""state"": """", ""zip"": """"}', 'latitude': '37.77623792', 'longitude': '-122.42759066'}",Mobile/Open311,5,22,4,11,9,11,7,6,28852,9,10,10,22,11,1,22,,,,,,,,,,,,,,
17598328,2023-11-27T19:30:53.000,2023-11-28T05:36:48.000,Open,open,Recology_Overflowing,Street and Sidewalk Cleaning,City_garbage_can_overflowing,City_garbage_can_overflowing,"6115 GEARY BLVD, SAN FRANCISCO, CA, 94121",GEARY BLVD,1,Outer Richmond,RICHMOND,37.779999,-122.4851239,"{'human_address': '{""address"": """", ""city"": """", ""state"": """", ""zip"": """"}', 'latitude': '37.779999', 'longitude': '-122.4851239'}",Mobile/Open311,1,8,8,4,29,2,11,9,55,6,26,26,8,4,1,8,,,,,,,,,,,,,,
17598326,2023-11-27T19:29:00.000,2023-11-28T05:27:25.000,Open,,SFMTA - Access/Mobility Services Received Queue,General Request - MTA,request_for_service,scooters - request_for_service,Intersection of FLOOD AVE and RIDGEWOOD AVE,FLOOD AVE,7,Westwood Park,INGLESIDE,0.000000000000,0.000000000000,"{'human_address': '{""address"": """", ""city"": """", ""state"": """", ""zip"": """"}', 'latitude': '0.0', 'longitude': '0.0'}",Phone,7,,,,,,,,,,,,,,,,,,,,,,,,,,,,,
17598304,2023-11-27T19:16:32.000,2023-11-28T05:36:40.000,Open,open,Recology_Overflowing,Street and Sidewalk Cleaning,City_garbage_can_overflowing,City_garbage_can_overflowing,"192 BEALE ST, SAN FRANCISCO, CA, 94105",BEALE ST,6,South of Market,SOUTHERN,37.789958960601,-122.394510740409,"{'human_address': '{""address"": """", ""city"": """", ""state"": """", ""zip"": """"}', 'latitude': '37.78995896', 'longitude': '-122.39451074'}",Mobile/Open311,6,32,1,10,8,9,12,2,28855,2,6,6,32,10,1,32,,3,,,,,,,,,,,,
17598299,2023-11-27T19:13:34.000,2023-11-28T05:36:35.000,Open,open,Recology_Overflowing,Street and Sidewalk Cleaning,City_garbage_can_overflowing,City_garbage_can_overflowing,"908 HAYES ST, SAN FRANCISCO, CA, 94117",HAYES ST,5,Alamo Square,NORTHERN,37.775872145319,-122.431443787728,"{'human_address': '{""address"": """", ""city"": """", ""state"": """", ""zip"": """"}', 'latitude': '37.77587215', 'longitude': '-122.43144379'}",Mobile/Open311,5,23,4,11,9,11,15,6,29492,9,10,10,23,11,1,23,,,,,,,,,,,,,,
17598296,2023-11-27T19:13:24.000,2023-11-28T05:36:29.000,Open,open,Recology_Overflowing,Street and Sidewalk Cleaning,City_garbage_can_overflowing,City_garbage_can_overflowing,"4455 GEARY BLVD, SAN FRANCISCO, CA, 94118",GEARY BLVD,1,Inner Richmond,RICHMOND,37.780733762685,-122.467175787505,"{'human_address': '{""address"": """", ""city"": """", ""state"": """", ""zip"": """"}', 'latitude': '37.78073376', 'longitude': '-122.46717579'}",Mobile/Open311,1,5,8,4,11,2,11,9,54,6,11,11,5,4,1,5,,,,,,,,,,,,,,
17598287,2023-11-27T19:08:14.000,2023-11-28T05:36:23.000,Open,open,Recology_Overflowing,Street and Sidewalk Cleaning,City_garbage_can_overflowing,City_garbage_can_overflowing,"1297 IRVING ST, SAN FRANCISCO, CA, 94122",IRVING ST,7,Inner Sunset,TARAVAL,37.763808872411,-122.4715291759,"{'human_address': '{""address"": """", ""city"": """", ""state"": """", ""zip"": """"}', 'latitude': '37.76380887', 'longitude': '-122.47152918'}",Mobile/Open311,5,109,10,11,14,11,1,5,56,8,12,12,109,11,1,109,,,,,,,,,,,,,,
17598253,2023-11-27T18:55:14.000,2023-11-28T05:36:18.000,Open,open,Recology_Overflowing,Street and Sidewalk Cleaning,City_garbage_can_overflowing,City_garbage_can_overflowing,"91 WORCESTER AVE, SAN FRANCISCO, CA, 94132",WORCESTER AVE,7,Merced Heights,TARAVAL,37.711292,-122.4673015,"{'human_address': '{""address"": """", ""city"": """", ""state"": """", ""zip"": """"}', 'latitude': '37.711292', 'longitude': '-122.4673015'}",Mobile/Open311,7,65,10,8,24,4,9,5,64,8,24,24,65,8,2,65,,,,,,,,,,,,,,
17598251,2023-11-27T18:53:58.000,2023-11-28T05:36:12.000,Open,open,Recology_Overflowing,Street and Sidewalk Cleaning,City_garbage_can_overflowing,City_garbage_can_overflowing,"300 FELL ST, SAN FRANCISCO, CA, 94102",FELL ST,5,Hayes Valley,NORTHERN,37.7760965,-122.4228779,"{'human_address': '{""address"": """", ""city"": """", ""state"": """", ""zip"": """"}', 'latitude': '37.7760965', 'longitude': '-122.4228779'}",Mobile/Open311,5,22,4,11,9,11,7,6,28852,9,10,10,22,11,1,22,,,,,,1,,,,1,,,1,
17598248,2023-11-27T18:53:21.000,2023-11-28T05:36:04.000,Open,open,Recology_Overflowing,Street and Sidewalk Cleaning,City_garbage_can_overflowing,City_garbage_can_overflowing,"2015 BALBOA ST, SAN FRANCISCO, CA, 94121",BALBOA ST,1,Outer Richmond,RICHMOND,37.776422338487,-122.48037510161,"{'human_address': '{""address"": """", ""city"": """", ""state"": """", ""zip"": """"}', 'latitude': '37.77642234', 'longitude': '-122.4803751'}",Mobile/Open311,1,8,8,4,29,2,11,9,55,6,26,26,8,4,1,8,,,,,,,,,,,,,,
17598235,2023-11-27T18:43:52.000,2023-11-28T05:35:53.000,Open,open,Recology_Overflowing,Street and Sidewalk Cleaning,City_garbage_can_overflowing,City_garbage_can_overflowing,"392 17TH AVE, SAN FRANCISCO, CA, 94121",17TH AVE,1,Inner Richmond,RICHMOND,37.780646849459,-122.475945102165,"{'human_address': '{""address"": """", ""city"": """", ""state"": """", ""zip"": """"}', 'latitude': '37.78064685', 'longitude': '-122.4759451'}",Mobile/Open311,1,5,8,4,29,2,11,9,54,6,26,26,5,4,1,5,,,,,,,,,,,,,,
17598219,2023-11-27T18:38:10.000,2023-11-28T05:35:28.000,Open,open,Recology_Overflowing,Street and Sidewalk Cleaning,City_garbage_can_overflowing,City_garbage_can_overflowing,"3215 GEARY BLVD, SAN FRANCISCO, CA, 94118",GEARY BLVD,2,Lone Mountain,RICHMOND,37.781545599026,-122.453399878109,"{'human_address': '{""address"": """", ""city"": """", ""state"": """", ""zip"": """"}', 'latitude': '37.7815456', 'longitude': '-122.45339988'}",Mobile/Open311,1,12,8,4,18,2,11,9,54,6,16,16,12,4,1,12,,,,,,,,,,,,,,
17598209,2023-11-27T18:33:27.000,2023-11-28T05:35:21.000,Open,open,Recology_Overflowing,Street and Sidewalk Cleaning,City_garbage_can_overflowing,City_garbage_can_overflowing,"707 HAIGHT ST, SAN FRANCISCO, CA, 94117",HAIGHT ST,5,Lower Haight,NORTHERN,37.771608231787,-122.433968365863,"{'human_address': '{""address"": """", ""city"": """", ""state"": """", ""zip"": """"}', 'latitude': '37.77160823', 'longitude': '-122.43396837'}",Mobile/Open311,5,26,4,11,3,11,15,8,29492,5,9,9,26,11,1,26,,,,,,,,,,,,,,
17598193,2023-11-27T18:27:00.000,2023-11-28T05:40:41.000,Open,sent,Recology_Abandoned,Street and Sidewalk Cleaning,General Cleaning,Other Loose Garbage,Intersection of EGBERT AVE and HAWES ST,EGBERT AVE,10,Bret Harte,BAYVIEW,0.000000000000,0.000000000000,"{'human_address': '{""address"": """", ""city"": """", ""state"": """", ""zip"": """"}', 'latitude': '0.0', 'longitude': '0.0'}",Phone,10,,,,,,,,,,,,,,,,,,,,,,,,,,,,,
17598104,2023-11-27T17:52:57.000,2023-11-28T00:30:46.000,Closed,Accepted - Noise informational reports are closed and summarized for department use.,Noise Report Queue,Noise Report,amplified_sound_electronics,Noise Report - amplified_sound_electronics,"2030 3RD ST, SAN FRANCISCO, CA, 94107",3RD ST,10,Dogpatch,BAYVIEW,0.000000000000,0.000000000000,"{'human_address': '{""address"": """", ""city"": """", ""state"": """", ""zip"": """"}', 'latitude': '0.0', 'longitude': '0.0'}",Web,10,,,,,,,,,,,,,,,,,,,,,,,,,,,2023-11-28T00:30:46.000,,
17598046,2023-11-27T17:27:55.000,2023-11-28T05:35:14.000,Open,open,Recology_Overflowing,Street and Sidewalk Cleaning,City_garbage_can_overflowing,City_garbage_can_overflowing,"1511 HAIGHT ST, SAN FRANCISCO, CA, 94117",HAIGHT ST,5,Haight Ashbury,PARK,37.769922664762,-122.447088923313,"{'human_address': '{""address"": """", ""city"": """", ""state"": """", ""zip"": """"}', 'latitude': '37.76992266', 'longitude': '-122.44708892'}",Mobile/Open311,5,25,7,11,3,11,15,8,29492,5,9,9,25,11,1,25,25,,,,,,22,24,,,,,,
17598045,2023-11-27T17:27:48.000,2023-11-28T05:35:04.000,Open,open,Recology_Overflowing,Street and Sidewalk Cleaning,City_garbage_can_overflowing,City_garbage_can_overflowing,Intersection of MOULTRIE ST and CORTLAND AVE,MOULTRIE ST,9,Bernal Heights,INGLESIDE,37.738957571169,-122.415992454793,"{'human_address': '{""address"": """", ""city"": """", ""state"": """", ""zip"": """"}', 'latitude': '37.73895757', 'longitude': '-122.41599245'}",Mobile/Open311,9,83,9,2,2,7,2,4,28859,7,2,2,83,2,1,83,,,,,,,,,,,,,,
17598016,2023-11-27T17:19:14.000,2023-11-28T05:34:57.000,Open,open,Recology_Overflowing,Street and Sidewalk Cleaning,City_garbage_can_overflowing,City_garbage_can_overflowing,"1641 LA SALLE AVE, SAN FRANCISCO, CA, 94124",LA SALLE AVE,10,Bayview,BAYVIEW,37.73695135,-122.3897614,"{'human_address': '{""address"": """", ""city"": """", ""state"": """", ""zip"": """"}', 'latitude': '37.73695135', 'longitude': '-122.3897614'}",Mobile/Open311,10,86,2,9,1,8,10,3,58,3,1,1,86,9,2,86,,,,,,,,,5,,,,,
17598013,2023-11-27T17:18:52.000,2023-11-28T05:34:50.000,Open,open,Recology_Overflowing,Street and Sidewalk Cleaning,City_garbage_can_overflowing,City_garbage_can_overflowing,Intersection of ALAMEDA ST and BRYANT ST,ALAMEDA ST,9,Mission,MISSION,37.768362667284,-122.410673790195,"{'human_address': '{""address"": """", ""city"": """", ""state"": """", ""zip"": """"}', 'latitude': '37.76836267', 'longitude': '-122.41067379'}",Mobile/Open311,10,53,3,9,20,8,8,7,28853,4,19,19,53,9,2,53,,,,,,3,,,,3,,,,
17597845,2023-11-27T16:25:21.000,2023-11-28T05:34:44.000,Open,open,Recology_Overflowing,Street and Sidewalk Cleaning,City_garbage_can_overflowing,City_garbage_can_overflowing,"1300 24TH AVE, SAN FRANCISCO, CA, 94122",24TH AVE,4,Outer Sunset,TARAVAL,37.76328275,-122.4823363,"{'human_address': '{""address"": """", ""city"": """", ""state"": """", ""zip"": """"}', 'latitude': '37.76328275', 'longitude': '-122.4823363'}",Mobile/Open311,4,39,10,7,35,3,1,5,56,8,35,35,39,7,1,39,11,,,,,,9,11,,,,,,
17597844,2023-11-27T16:25:19.000,2023-11-28T05:34:35.000,Open,open,Recology_Overflowing,Street and Sidewalk Cleaning,City_garbage_can_overflowing,City_garbage_can_overflowing,Intersection of LELAND AVE and CORA ST,LELAND AVE,10,Visitacion Valley,INGLESIDE,37.712800670946,-122.408499608071,"{'human_address': '{""address"": """", ""city"": """", ""state"": """", ""zip"": """"}', 'latitude': '37.71280067', 'longitude': '-122.40849961'}",Mobile/Open311,10,75,9,9,40,8,9,4,309,7,39,39,75,9,2,75,,,,,,,,,,,,,,
17597837,2023-11-27T16:24:41.000,2023-11-28T05:34:13.000,Open,open,Recology_Overflowing,Street and Sidewalk Cleaning,City_garbage_can_overflowing,City_garbage_can_overflowing,"2801 CALIFORNIA ST, SAN FRANCISCO, CA, 94115",CALIFORNIA ST,2,Lower Pacific Heights,RICHMOND,37.787956005935,-122.440625449509,"{'human_address': '{""address"": """", ""city"": """", ""state"": """", ""zip"": """"}', 'latitude': '37.78795601', 'longitude': '-122.44062545'}",Mobile/Open311,2,103,8,6,30,1,13,9,29490,6,27,27,103,6,1,103,,,,,,,,,,,,,,
17597732,2023-11-27T16:04:00.000,2023-11-28T05:31:59.000,Open,open,Recology_Abandoned,Street and Sidewalk Cleaning,Bulky Items,Mattress,"132 HYDE ST, SAN FRANCISCO, CA, 94102",HYDE ST,5,Tenderloin,TENDERLOIN,37.782046343771,-122.415545359254,"{'human_address': '{""address"": """", ""city"": """", ""state"": """", ""zip"": """"}', 'latitude': '37.78204634', 'longitude': '-122.41554536'}",Mobile/Open311,6,20,5,10,36,9,7,10,28852,10,36,36,20,10,2,20,18,6,1,1,,1,17,18,,1,,,1,
17597700,2023-11-27T15:54:00.000,2023-11-28T05:49:06.000,Open,open,Recology_Abandoned,Street and Sidewalk Cleaning,Bulky Items,Electronics,"838 RHODE ISLAND ST, SAN FRANCISCO, CA, 94107",RHODE ISLAND ST,10,Potrero Hill,BAYVIEW,37.759124645249,-122.402154847641,"{'human_address': '{""address"": """", ""city"": """", ""state"": """", ""zip"": """"}', 'latitude': '37.75912465', 'longitude': '-122.40215485'}",Mobile/Open311,10,54,2,9,26,8,10,3,28856,3,29,29,54,9,1,54,,,,,,,,,,,,,,
17597698,2023-11-27T15:54:39.000,2023-11-28T05:34:07.000,Open,open,Recology_Overflowing,Street and Sidewalk Cleaning,City_garbage_can_overflowing,City_garbage_can_overflowing,"198 FELL ST, SAN FRANCISCO, CA, 94102",FELL ST,5,Civic Center,NORTHERN,37.776338521791,-122.421089769388,"{'human_address': '{""address"": """", ""city"": """", ""state"": """", ""zip"": """"}', 'latitude': '37.77633852', 'longitude': '-122.42108977'}",Mobile/Open311,5,21,4,11,9,11,7,6,28852,9,10,10,21,11,1,21,,8,,,,1,,,,1,,,1,
17597677,2023-11-27T15:51:26.000,2023-11-28T05:33:05.000,Open,open,Recology_Overflowing,Street and Sidewalk Cleaning,City_garbage_can_overflowing,City_garbage_can_overflowing,"2200 HARRISON ST, SAN FRANCISCO, CA, 94110",HARRISON ST,9,Mission,MISSION,37.762138929916,-122.41295090306,"{'human_address': '{""address"": """", ""city"": """", ""state"": """", ""zip"": """"}', 'latitude': '37.76213893', 'longitude': '-122.4129509'}",Mobile/Open311,9,53,3,2,20,7,2,7,28859,4,19,19,53,2,2,53,,,,,,3,,,,3,,,,
17597674,2023-11-27T15:50:00.000,2023-11-28T05:32:59.000,Open,open,Recology_Overflowing,Street and Sidewalk Cleaning,City_garbage_can_overflowing,City_garbage_can_overflowing,Intersection of SAN BRUNO AVE and 18TH ST,SAN BRUNO AVE,10,Potrero Hill,BAYVIEW,37.762012479814,-122.405350168532,"{'human_address': '{""address"": """", ""city"": """", ""state"": """", ""zip"": """"}', 'latitude': '37.76201248', 'longitude': '-122.40535017'}",Mobile/Open311,10,54,2,9,26,8,10,3,28856,3,29,29,54,9,1,54,,15,,,,,,,,,,,,
17597669,2023-11-27T15:49:24.000,2023-11-28T05:32:51.000,Open,open,Recology_Overflowing,Street and Sidewalk Cleaning,City_garbage_can_overflowing,City_garbage_can_overflowing,"1812 MCALLISTER ST, SAN FRANCISCO, CA, 94115",MCALLISTER ST,2,Western Addition,PARK,37.777420437616,-122.44192964543,"{'human_address': '{""address"": """", ""city"": """", ""state"": """", ""zip"": """"}', 'latitude': '37.77742044', 'longitude': '-122.44192965'}",Mobile/Open311,5,97,7,11,18,11,15,8,29490,5,16,16,97,11,1,97,,,,,,,,,,,,,,
17597639,2023-11-27T15:44:00.000,2023-11-28T05:45:13.000,Open,open,Recology_Abandoned,Street and Sidewalk Cleaning,Bulky Items,Boxed or Bagged Items,"1985 MISSION ST, SAN FRANCISCO, CA, 94103",MISSION ST,9,Mission,MISSION,37.765168052193,-122.419541984987,"{'human_address': '{""address"": """", ""city"": """", ""state"": """", ""zip"": """"}', 'latitude': '37.76516805', 'longitude': '-122.41954198'}",Mobile/Open311,9,53,3,2,20,7,8,7,28853,4,19,19,53,2,2,53,14,,,,50,3,12,14,,3,,,,24
17597619,2023-11-27T15:39:00.000,2023-11-28T03:14:20.000,Open,,Recology_Abandoned,Street and Sidewalk Cleaning,Bulky Items,Electronics,Intersection of HAYES ST and PIERCE ST,HAYES ST,5,Alamo Square,NORTHERN,0.000000000000,0.000000000000,"{'human_address': '{""address"": """", ""city"": """", ""state"": """", ""zip"": """"}', 'latitude': '0.0', 'longitude': '0.0'}",Phone,5,,,,,,,,,,,,,,,,,,,,,,,,,,,,,
17597606,2023-11-27T15:37:00.000,2023-11-28T05:44:54.000,Open,open,Recology_Abandoned,Street and Sidewalk Cleaning,Bulky Items,Boxed or Bagged Items,Intersection of CLARION ALY and MISSION ST,CLARION ALY,9,Mission,MISSION,37.763077417428,-122.419484386153,"{'human_address': '{""address"": """", ""city"": """", ""state"": """", ""zip"": """"}', 'latitude': '37.76307742', 'longitude': '-122.41948439'}",Mobile/Open311,9,53,3,2,20,7,8,7,28859,4,19,19,53,2,2,53,15,,,,,3,13,15,,3,,,,
17597605,2023-11-27T15:37:41.000,2023-11-28T05:22:47.000,Open,open,Recology_Overflowing,Street and Sidewalk Cleaning,City_garbage_can_overflowing,City_garbage_can_overflowing,"1104 STANYAN ST, SAN FRANCISCO, CA, 94117",STANYAN ST,8,Ashbury Heights,PARK,37.764348226374,-122.452490134162,"{'human_address': '{""address"": """", ""city"": """", ""state"": """", ""zip"": """"}', 'latitude': '37.76434823', 'longitude': '-122.45249013'}",Mobile/Open311,5,114,7,11,3,11,15,8,29492,5,9,9,114,11,1,114,,,,,,,,,,,,,,
17597553,2023-11-27T15:26:00.000,2023-11-28T00:30:46.000,Closed,Accepted - Noise informational reports are closed and summarized for department use.,Noise Report Queue,Noise Report,vehicle_car_alarm,Noise Report - vehicle_car_alarm,"1865 BUSH ST, SAN FRANCISCO, CA, 94109",BUSH ST,5,Japantown,NORTHERN,0.000000000000,0.000000000000,"{'human_address': '{""address"": """", ""city"": """", ""state"": """", ""zip"": """"}', 'latitude': '0.0', 'longitude': '0.0'}",Phone,5,,,,,,,,,,,,,,,,,,,,,,,,,,,2023-11-28T00:30:46.000,,
17597256,2023-11-27T14:39:00.000,2023-11-28T05:48:52.000,Open,open,Recology_Abandoned,Street and Sidewalk Cleaning,Bulky Items,Boxed or Bagged Items,"1928 MISSION ST, SAN FRANCISCO, CA, 94103",MISSION ST,9,Mission,MISSION,37.766071253651,-122.419832853946,"{'human_address': '{""address"": """", ""city"": """", ""state"": """", ""zip"": """"}', 'latitude': '37.76607125', 'longitude': '-122.41983285'}",Mobile/Open311,9,53,3,2,20,7,8,7,28853,4,19,19,53,2,2,53,14,,,,,3,12,14,,3,,,,
17597239,2023-11-27T14:35:00.000,2023-11-28T05:44:41.000,Open,open,Recology_Abandoned,Street and Sidewalk Cleaning,Bulky Items,Boxed or Bagged Items,Intersection of 16TH ST and KANSAS ST,16TH ST,6,Potrero Hill,SOUTHERN,37.766023746251,-122.403677070185,"{'human_address': '{""address"": """", ""city"": """", ""state"": """", ""zip"": """"}', 'latitude': '37.76602375', 'longitude': '-122.40367707'}",Mobile/Open311,10,33,1,9,4,8,8,3,28853,3,20,20,33,9,1,33,,15,,,,,,,,,,,,
